Workbook

Sheet Sheet1
A1: 代码 | B1: 名称 | C1: 日期 | D1: BIAS1 | E1: BIAS2 | F1: BIAS3 | G1: BOLL | H1: UPPER | I1: LOWER | J1: CCI | K1: K | L1: D | M1: J | N1: DIF | O1: DEA | P1: MACD | Q1: 开盘价(元) | R1: 最高价(元) | S1: 最低价(元) | T1: 收盘价(元) | U1: 结算价 | V1: 涨跌幅 | W1: 成交额(百) | X1: 成交量 | Y1: 持仓量 | Z1: RSI1 | AA1: RSI2 | AB1: RSI3 | AC1: MA(5)() | AD1: MA(10)() | AE1: MA(20)() | AF1: W&R | AG1: MTM | AH1: MTMMA | AI1: OBV() | AJ1: PO（前20机构净持仓）元 | AK1: VR | AL1: SD（标准差） | AM1: VS(期现差) | AN1: （沪深300）换手率 | AO1: 中国:CPI:定基指数 | AP1: 中国:PPI:定基指数 | AQ1: 中国:PPIRM:累计同比 | AR1: 上证综合指数 | AS1: 上证综合指数:涨跌幅 | AT1: 陆股通:当日成交金额(人民币) | AU1: 沪深300指数 | AV1: 创业板指数 | AW1: 创业板指数:涨跌幅 | AX1: 中国:国债到期收益率:10年 | AY1: 即期汇率:美元兑离岸人民币(USDCNH) | AZ1: 美国:国债收益率:10年 | BA1: 美国:有效联邦基金利率(EFFR)
A2: IF.CFE | B2: 沪深300期货 | C2: 42009 | D2: 3.68 | E2: 6.23 | F2: 8.17 | G2: 1859.1 | H2: 2111.7 | I2: 1606.5 | J2: 195.5 | K2: 79.35 | L2: 71.56 | M2: 94.93 | N2: 95.0295 | O2: 94.0524 | P2: 1.9542 | Q2: 3619 | R2: 3768.8 | S2: 3585.2 | T2: 3671.4 | U2: 3718.6 | V2: 0.0256 | W2: 1432621.1 | X2: 1303810 | Y2: 138633 | Z2: 79.88 | AA2: 74.53 | AB2: 73.07 | AC2: 160 | AD2: 163 | AE2: 166 | AF2: 16.99 | AG2: 101.95 | AH2: 162.8 | AI2: -4.9 | AJ2: -2.35 | AK2: 181.62 | AL2: 71.17 | AM2: 29.86 | AN2: 0.021 | AO2: 114 | AP2: 97.2 | AQ2: -5.1567 | AR2: 3350.519 | AS2: 3.581254 | AT2: 59.9893 | AU2: 3641.541 | AV2: 1464.774 | AW2: -0.47494 | AX2: 3.6651 | AY2: 6.2287 | AZ2: 2.4 | BA2: 0.12
A3: IF.CFE | B3: 沪深300期货 | C3: 42010 | D3: 2.27 | E3: 5.34 | F3: 7.09 | G3: 1877.6 | H3: 2115.7 | I3: 1639.4 | J3: 155.97 | K3: 79.72 | L3: 74.28 | M3: 90.6 | N3: 97.0027 | O3: 94.6424 | P3: 4.7205 | Q3: 3664 | R3: 3707.8 | S3: 3610 | T3: 3656.8 | U3: 3659.4 | V3: -0.0166 | W3: 1672543.6 | X3: 1522728 | Y3: 127237 | Z3: 76.58 | AA3: 73.03 | AB3: 72.23 | AC3: 154 | AD3: 163 | AE3: 163 | AF3: 19.54 | AG3: 86.72 | AH3: 150.48 | AI3: -6.5 | AJ3: -2.48 | AK3: 176.9 | AL3: 75.42 | AM3: 15.74 | AN3: 0.0195 | AO3: 114 | AP3: 97.2 | AQ3: -5.1567 | AR3: 3351.446 | AS3: 0.027667 | AT3: 65.413 | AU3: 3641.59 | AV3: 1539.828 | AW3: 5.12393 | AX3: 3.6349 | AY3: 6.2275 | AZ3: 1.97 | BA3: 0.12
A4: IF.CFE | B4: 沪深300期货 | C4: 42011 | D4: 1.38 | E4: 4.73 | F4: 6.84 | G4: 1894.6 | H4: 2119.9 | I4: 1669.3 | J4: 127.63 | K4: 80.34 | L4: 76.3 | M4: 88.42 | N4: 97.7311 | O4: 95.2602 | P4: 4.9418 | Q4: 3655.8 | R4: 3684.2 | S4: 3615.4 | T4: 3663.2 | U4: 3654.8 | V4: 0.001 | W4: 1419711.6 | X4: 1294935 | Y4: 114534 | Z4: 77.08 | AA4: 73.29 | AB4: 72.38 | AC4: 146 | AD4: 159 | AE4: 160 | AF4: 18.42 | AG4: 148.75 | AH4: 139.17 | AI4: -5.2 | AJ4: -2.32 | AK4: 173.16 | AL4: 81.52 | AM4: 19.41 | AN4: 0.0148 | AO4: 114 | AP4: 97.2 | AQ4: -5.1567 | AR4: 3373.954 | AS4: 0.671591 | AT4: 37.4472 | AU4: 3643.79 | AV4: 1523.387 | AW4: -1.67717 | AX4: 3.6543 | AY4: 6.2125 | AZ4: 1.96 | BA4: 0.12
A5: IF.CFE | B5: 沪深300期货 | C5: 42012 | D5: -1.85 | E5: 1.12 | F5: 3.35 | G5: 1909.8 | H5: 2107.9 | I5: 1711.7 | J5: 72.2 | K5: 73.48 | L5: 75.36 | M5: 69.73 | N5: 92.6359 | O5: 94.7353 | P5: -4.1989 | Q5: 3676.6 | R5: 3679.6 | S5: 3553 | T5: 3562 | U5: 3588.2 | V5: -0.0254 | W5: 1689177.4 | X5: 1565105 | Y5: 105242 | Z5: 54.94 | AA5: 62.95 | AB5: 66.63 | AC5: 141 | AD5: 159 | AE5: 155 | AF5: 36.08 | AG5: 140.41 | AH5: 134.17 | AI5: -6.7 | AJ5: -3.01 | AK5: 143.36 | AL5: 77.25 | AM5: 2.74 | AN5: 0.0137 | AO5: 114 | AP5: 97.2 | AQ5: -5.1567 | AR5: 3293.456 | AS5: -2.385865 | AT5: 44.51 | AU5: 3559.259 | AV5: 1541.887 | AW5: 1.214399 | AX5: 3.6616 | AY5: 6.2166 | AZ5: 2.3 | BA5: 0.12
A6: IF.CFE | B6: 沪深300期货 | C6: 42013 | D6: -2.44 | E6: -0.61 | F6: 2.01 | G6: 1921.5 | H6: 2099.4 | I6: 1743.5 | J6: 54.56 | K6: 62.98 | L6: 71.23 | M6: 46.47 | N6: 86.0588 | O6: 93 | P6: -13.8824 | Q6: 3570 | R6: 3718 | S6: 3511 | T6: 3528 | U6: 3596.2 | V6: -0.0168 | W6: 1851708.1 | X6: 1713171 | Y6: 88364 | Z6: 49.24 | AA6: 59.85 | AB6: 64.83 | AC6: 148 | AD6: 158 | AE6: 153 | AF6: 46.85 | AG6: 151.68 | AH6: 127.86 | AI6: -8.4 | AJ6: -2.91 | AK6: 118.72 | AL6: 74.93 | AM6: -18.72 | AN6: 0.0162 | AO6: 114 | AP6: 97.2 | AQ6: -5.1567 | AR6: 3285.412 | AS6: -0.244242 | AT6: 54.8696 | AU6: 3546.723 | AV6: 1553.239 | AW6: 0.736241 | AX6: 3.634 | AY6: 6.2184 | AZ6: 1.98 | BA6: 0.12
A7: IF.CFE | B7: 沪深300期货 | C7: 42016 | D7: -1.45 | E7: -0.78 | F7: 1.89 | G7: 1932 | H7: 2092 | I7: 1772 | J7: 12.58 | K7: 53.79 | L7: 65.42 | M7: 30.54 | N7: 80.357 | O7: 90.4714 | P7: -20.2288 | Q7: 3567 | R7: 3575 | S7: 3463.6 | T7: 3537.6 | U7: 3533.8 | V7: -0.0163 | W7: 1340928.9 | X7: 1268691 | Y7: 81457 | Z7: 50.96 | AA7: 60.45 | AB7: 65.11 | AC7: 147 | AD7: 154 | AE7: 151 | AF7: 55.71 | AG7: 88.3 | AH7: 119.27 | AI7: -7.2 | AJ7: -3.1 | AK7: 143.22 | AL7: 71.02 | AM7: 24.02 | AN7: 0.0124 | AO7: 114 | AP7: 97.2 | AQ7: -5.1567 | AR7: 3229.316 | AS7: -1.707427 | AT7: 56.251 | AU7: 3513.576 | AV7: 1586.124 | AW7: 2.117189 | AX7: 3.63 | AY7: 6.256 | AZ7: 1.92 | BA7: 0.12
A8: IF.CFE | B8: 沪深300期货 | C8: 42017 | D8: -0.97 | E8: -1.13 | F8: 1.29 | G8: 1938 | H8: 2094.5 | I8: 1781.4 | J8: 13.7 | K8: 44.87 | L8: 58.57 | M8: 17.47 | N8: 74.6141 | O8: 87.3 | P8: -25.3717 | Q8: 3535.8 | R8: 3568.8 | S8: 3501.2 | T8: 3529.6 | U8: 3517.4 | V8: -0.0012 | W8: 1171874.5 | X8: 1104965 | Y8: 77162 | Z8: 49.29 | AA8: 59.64 | AB8: 64.66 | AC8: 139 | AD8: 147 | AE8: 149 | AF8: 66.82 | AG8: 26.28 | AH8: 109.39 | AI8: -8.3 | AJ8: -3.04 | AK8: 122.97 | AL8: 66.29 | AM8: 15.56 | AN8: 0.0087 | AO8: 114 | AP8: 97.2 | AQ8: -5.1567 | AR8: 3235.301 | AS8: 0.185333 | AT8: 33.967 | AU8: 3514.4 | AV8: 161.168 | AW8: 0.948476 | AX8: 3.676 | AY8: 6.197 | AZ8: 1.91 | BA8: 0.12
A9: IF.CFE | B9: 沪深300期货 | C9: 42018 | D9: -0.79 | E9: -1.92 | F9: 0.27 | G9: 1943.7 | H9: 2094.2 | I9: 1793.1 | J9: -8.56 | K9: 34.35 | L9: 50.5 | M9: 2.05 | N9: 68.1219 | O9: 83.4643 | P9: -30.6849 | Q9: 3536 | R9: 3563.4 | S9: 3471.6 | T9: 3504.2 | U9: 3497.8 | V9: -0.0038 | W9: 1086020.8 | X9: 1026731 | Y9: 63228 | Z9: 43.8 | AA9: 57 | AB9: 63.23 | AC9: 134 | AD9: 140 | AE9: 149 | AF9: 80.72 | AG9: 16.69 | AH9: 97.74 | AI9: -9.3 | AJ9: -3.03 | AK9: 135.22 | AL9: 61.8 | AM9: 1.78 | AN9: 0.0091 | AO9: 114 | AP9: 97.2 | AQ9: -5.1567 | AR9: 3222.437 | AS9: -0.397614 | AT9: 37.699 | AU9: 352.423 | AV9: 1588.7 | AW9: -0.821962 | AX9: 3.5849 | AY9: 6.1964 | AZ9: 1.86 | BA9: 0.12
A10: IF.CFE | B10: 沪深300期货 | C10: 42019 | D10: 2.3 | E10: 1.1 | F10: 3.42 | G10: 1948.8 | H10: 2103.8 | I10: 1793.8 | J10: 31.51 | K10: 40.73 | L10: 47.24 | M10: 27.71 | N10: 67.7775 | O10: 80.327 | P10: -25.099 | Q10: 3548.6 | R10: 3686.4 | S10: 3534.2 | T10: 3683.6 | U10: 3650.2 | V10: 0.0531 | W10: 873569.27 | X10: 808954 | Y10: 101476 | Z10: 65.83 | AA10: 65.14 | AB10: 66.92 | AC10: 118 | AD10: 130 | AE10: 146 | AF10: 46.5 | AG10: 81.36 | AH10: 90.7 | AI10: -8.5 | AJ10: -3.25 | AK10: 126.54 | AL10: 62.09 | AM10: 79.48 | AN10: 0.011 | AO10: 114 | AP10: 97.2 | AQ10: -5.1567 | AR10: 3336.455 | AS10: 3.538254 | AT10: 48.7773 | AU10: 364.121 | AV10: 1586.335 | AW10: -0.15289 | AX10: 3.5191 | AY10: 6.1944 | AZ10: 1.77 | BA10: 0.12
A11: IF.CFE | B11: 沪深300期货 | C11: 42020 | D11: 1.37 | E11: 0.6 | F11: 2.77 | G11: 1957.7 | H11: 2104.7 | I11: 1810.8 | J11: 65.96 | K11: 46.43 | L11: 46.97 | M11: 45.36 | N11: 66.0089 | O11: 77.4634 | P11: -22.9089 | Q11: 3686.8 | R11: 3714 | S11: 3661.8 | T11: 3667.2 | U11: 3684.6 | V11: 0.0047 | W11: 1314696 | X11: 1188668 | Y11: 114442 | Z11: 62 | AA11: 63.41 | AB11: 66.01 | AC11: 108 | AD11: 128 | AE11: 146 | AF11: 51.79 | AG11: 9.89 | AH11: 79.1 | AI11: -9.7 | AJ11: -2.88 | AK11: 130.93 | AL11: 63.32 | AM11: 32.05 | AN11: 0.0131 | AO11: 114 | AP11: 97.2 | AQ11: -5.1567 | AR11: 3376.495 | AS11: 1.200076 | AT11: 48.2954 | AU11: 3635.146 | AV11: 1639.555 | AW11: 3.35493 | AX11: 3.532 | AY11: 6.21 | AZ11: 1.83 | BA11: 0.13
A12: IF.CFE | B12: 沪深300期货 | C12: 42023 | D12: -6.9 | E12: -7.98 | F12: -6.77 | G12: 1957.2 | H12: 2105.8 | I12: 1808.7 | J12: -225.02 | K12: 30.96 | L12: 41.63 | M12: 9.6 | N12: 48.3256 | O12: 71.6358 | P12: -46.6205 | Q12: 3519.8 | R12: 3519.8 | S12: 3316.2 | T12: 3316.2 | U12: 3321.8 | V12: -0.1 | W12: 1094468.2 | X12: 1063324 | Y12: 117624 | Z12: 24.82 | AA12: 39.2 | AB12: 50.63 | AC12: 104 | AD12: 126 | AE12: 144 | AF12: 100 | AG12: -229.08 | AH12: 60.99 | AI12: -11 | AJ12: -3.26 | AK12: 113.09 | AL12: 70.64 | AM12: -38.96 | AN12: 0.0152 | AO12: 114 | AP12: 97.2 | AQ12: -5.1567 | AR12: 3116.351 | AS12: -7.704558 | AT12: 55.8132 | AU12: 3355.155 | AV12: 163.65 | AW12: -0.578816 | AX12: 3.4761 | AY12: 6.2242 | AZ12: 1.83 | BA12: 0.13
A13: IF.CFE | B13: 沪深300期货 | C13: 42024 | D13: -3.68 | E13: -4.97 | F13: -4.35 | G13: 1958.8 | H13: 2103 | I13: 1814.7 | J13: -181.03 | K13: 27.25 | L13: 36.84 | M13: 8.06 | N13: 37.3837 | O13: 64.7854 | P13: -54.8033 | Q13: 3303 | R13: 3448.8 | S13: 3300 | T13: 3394.4 | U13: 3404.4 | V13: 0.0219 | W13: 1764034.2 | X13: 1734080 | Y13: 105907 | Z13: 35.21 | AA13: 44.36 | AB13: 53.17 | AC13: 116 | AD13: 128 | AE13: 145 | AF13: 80.17 | AG13: -177.43 | AH13: 44.75 | AI13: -9 | AJ13: -3.05 | AK13: 117.18 | AL13: 73.47 | AM13: -1.82 | AN13: 0.0138 | AO13: 114 | AP13: 97.2 | AQ13: -5.1567 | AR13: 3173.052 | AS13: 1.819468 | AT13: 77.2645 | AU13: 3396.222 | AV13: 17.852 | AW13: 4.342588 | AX13: 3.4573 | AY13: 6.221 | AZ13: 1.82 | BA13: 0.12
... A2190: IF.CFE | B2190: 沪深300期货 | C2190: 45289 | D2190: 1.74 | E2190: 2.42 | F2190: 2 | G2190: 3170.9 | H2190: 3296.4 | I2190: 3045.4 | J2190: 187.84 | K2190: 71.34 | L2190: 53.18 | M2190: 107.64 | N2190: -29.0907 | O2190: -44.02 | P2190: 29.8587 | Q2190: 3430 | R2190: 3449.4 | S2190: 3423.2 | T2190: 3439.4 | U2190: 3439.8 | V2190: 0.0024 | W2190: 65807.9 | X2190: 63813 | Y2190: 105704 | Z2190: 74.1 | AA2190: 57.4 | AB2190: 47.05 | AC2190: 6.1 | AD2190: 6.6 | AE2190: 6.8 | AF2190: 6.33 | AG2190: 90.21 | AH2190: -79.5 | AI2190: -5.6 | AJ2190: -5.59 | AK2190: 121.72 | AL2190: 37.52 | AM2190: 8.29 | AN2190: 0.0037 | AO2190: 102.9 | AP2190: 108.1 | AQ2190: -3.6 | AR2190: 2974.9348 | AS2190: 0.684715 | AT2190: 984.118 | AU2190: 3431.199 | AV2190: 1891.3665 | AW2190: 0.631552 | AX2190: 2.5575 | AY2190: 7.12475 | AZ2190: 3.88 | BA2190: 5.33

Sheet guiyihua
A1: IF.CFE | B1: 沪深300期货 | C1: 42009 | D1: BIAS1 | E1: BIAS2 | F1: BIAS3 | G1: BOLL | H1: UPPER | I1: LOWER | J1: CCI | K1: K | L1: D | M1: J | N1: DIF | O1: DEA | P1: MACD | Q1: 开盘价(元) | R1: 最高价(元) | S1: 最低价(元) | T1: 收盘价(元) | U1: 结算价 | V1: 涨跌幅 | W1: 成交额(百) | X1: 成交量 | Y1: 持仓量 | Z1: RSI1 | AA1: RSI2 | AB1: RSI3 | AC1: MA(5)() | AD1: MA(10)() | AE1: MA(20)() | AF1: W&R | AG1: MTM | AH1: MTMMA | AI1: OBV() | AJ1: PO（前20机构净持仓）元 | AK1: VR | AL1: SD（标准差） | AM1: VS(期现差) | AN1: （沪深300）换手率 | AO1: 中国:CPI:定基指数 | AP1: 中国:PPI:定基指数 | AQ1: 中国:PPIRM:累计同比 | AR1: 上证综合指数 | AS1: 上证综合指数:涨跌幅 | AT1: 陆股通:当日成交金额(人民币) | AU1: 沪深300指数 | AV1: 创业板指数 | AW1: 创业板指数:涨跌幅 | AX1: 中国:国债到期收益率:10年 | AY1: 即期汇率:美元兑离岸人民币(USDCNH) | AZ1: 美国:国债收益率:10年 | BA1: 美国:有效联邦基金利率(EFFR)
A2: IF.CFE | B2: 沪深300期货 | C2: 42010 | D2: 3.68 | E2: 6.23 | F2: 8.17 | G2: 1859.1 | H2: 2111.7 | I2: 1606.5 | J2: 195.5 | K2: 79.35 | L2: 71.56 | M2: 94.93 | N2: 95.0295 | O2: 94.0524 | P2: 1.9542 | Q2: =Sheet1!Q2/STDEV(Sheet1!Q$2:Q$2190) -> 5.9258706 | R2: =Sheet1!R2/STDEV(Sheet1!R$2:R$2190) -> 6.1324702 | S2: =Sheet1!S2/STDEV(Sheet1!S$2:S$2190) -> 5.9378022 | T2: =Sheet1!T2/STDEV(Sheet1!T$2:T$2190) -> 6.0180514 | U2: =Sheet1!U2/STDEV(Sheet1!U$2:U$2190) -> 6.1010882 | V2: =Sheet1!V2/STDEV(Sheet1!V$2:V$2190) -> 1.5899333 | W2: =Sheet1!W2/STDEV(Sheet1!W$2:W$2190) -> 2.9371274 | X2: =Sheet1!X2/STDEV(Sheet1!X$2:X$2190) -> 3.3629385 | ... AE2: =Sheet1!AE2/STDEV(Sheet1!AE$2:AE$2190) -> 0.10101166 | AF2: 16.99 | AG2: 101.95 | AH2: 162.8 | AI2: =Sheet1!AI2/STDEV(Sheet1!AI$2:AI$2190) -> -0.0078118957 | AJ2: =Sheet1!AJ2/STDEV(Sheet1!AJ$2:AJ$2190) -> -0.00092372056 | AK2: 181.62 | AL2: 71.17 | AM2: 29.86 | AN2: 0.021 | AO2: =Sheet1!AO2/STDEV(Sheet1!AO$2:AO$2190) -> 24.956436 | AP2: =Sheet1!AP2/STDEV(Sheet1!AP$2:AP$2190) -> 17.911123 | AQ2: =Sheet1!AQ2/STDEV(Sheet1!AQ$2:AQ$2190) -> -0.90888477 | AR2: =Sheet1!AR2/STDEV(Sheet1!AR$2:AR$2190) -> 9.572035 | AS2: =Sheet1!AS2/STDEV(Sheet1!AS$2:AS$2190) -> 2.7271448 | AT2: =Sheet1!AT2/STDEV(Sheet1!AT$2:AT$2190) -> 0.12975942 | AU2: =Sheet1!AU2/STDEV(Sheet1!AU$2:AU$2190) -> 2.1598985 | AV2: =Sheet1!AV2/STDEV(Sheet1!AV$2:AV$2190) -> 1.4918136 | ... BA2: =Sheet1!BA2/STDEV(Sheet1!BA$2:BA$2190) -> 0.076218609
A3: IF.CFE | B3: 沪深300期货 | C3: 42011 | D3: 2.27 | E3: 5.34 | F3: 7.09 | G3: 1877.6 | H3: 2115.7 | I3: 1639.4 | J3: 155.97 | K3: 79.72 | L3: 74.28 | M3: 90.6 | N3: 97.0027 | O3: 94.6424 | P3: 4.7205 | Q3: =Sheet1!Q3/STDEV(Sheet1!Q$2:Q$2190) -> 5.9995551 | R3: =Sheet1!R3/STDEV(Sheet1!R$2:R$2190) -> 6.033213 | S3: =Sheet1!S3/STDEV(Sheet1!S$2:S$2190) -> 5.9788759 | T3: =Sheet1!T3/STDEV(Sheet1!T$2:T$2190) -> 5.9941195 | U3: =Sheet1!U3/STDEV(Sheet1!U$2:U$2190) -> 6.003959 | V3: =Sheet1!V3/STDEV(Sheet1!V$2:V$2190) -> -1.0309724 | W3: =Sheet1!W3/STDEV(Sheet1!W$2:W$2190) -> 3.4290111 | X3: =Sheet1!X3/STDEV(Sheet1!X$2:X$2190) -> 3.9275972 | ... AE3: =Sheet1!AE3/STDEV(Sheet1!AE$2:AE$2190) -> 0.099186152 | AF3: 19.54 | AG3: 86.72 | AH3: 150.48 | AI3: =Sheet1!AI3/STDEV(Sheet1!AI$2:AI$2190) -> -0.010362719 | AJ3: =Sheet1!AJ3/STDEV(Sheet1!AJ$2:AJ$2190) -> -0.00097481999 | AK3: 176.9 | AL3: 75.42 | AM3: 15.74 | AN3: 0.0195 | AO3: =Sheet1!AO3/STDEV(Sheet1!AO$2:AO$2190) -> 24.956436 | AP3: =Sheet1!AP3/STDEV(Sheet1!AP$2:AP$2190) -> 17.911123 | AQ3: =Sheet1!AQ3/STDEV(Sheet1!AQ$2:AQ$2190) -> -0.90888477 | AR3: =Sheet1!AR3/STDEV(Sheet1!AR$2:AR$2190) -> 9.5746833 | AS3: =Sheet1!AS3/STDEV(Sheet1!AS$2:AS$2190) -> 0.021068574 | AT3: =Sheet1!AT3/STDEV(Sheet1!AT$2:AT$2190) -> 0.14149111 | AU3: =Sheet1!AU3/STDEV(Sheet1!AU$2:AU$2190) -> 2.1599276 | AV3: =Sheet1!AV3/STDEV(Sheet1!AV$2:AV$2190) -> 1.5682531 | ... BA3: =Sheet1!BA3/STDEV(Sheet1!BA$2:BA$2190) -> 0.076218609
A4: IF.CFE | B4: 沪深300期货 | C4: 42012 | D4: 1.38 | E4: 4.73 | F4: 6.84 | G4: 1894.6 | H4: 2119.9 | I4: 1669.3 | J4: 127.63 | K4: 80.34 | L4: 76.3 | M4: 88.42 | N4: 97.7311 | O4: 95.2602 | P4: 4.9418 | Q4: =Sheet1!Q4/STDEV(Sheet1!Q$2:Q$2190) -> 5.9861281 | R4: =Sheet1!R4/STDEV(Sheet1!R$2:R$2190) -> 5.9948118 | S4: =Sheet1!S4/STDEV(Sheet1!S$2:S$2190) -> 5.9878193 | T4: =Sheet1!T4/STDEV(Sheet1!T$2:T$2190) -> 6.0046102 | U4: =Sheet1!U4/STDEV(Sheet1!U$2:U$2190) -> 5.9964118 | V4: =Sheet1!V4/STDEV(Sheet1!V$2:V$2190) -> 0.062106769 | W4: =Sheet1!W4/STDEV(Sheet1!W$2:W$2190) -> 2.9106606 | X4: =Sheet1!X4/STDEV(Sheet1!X$2:X$2190) -> 3.340047 | ... AE4: =Sheet1!AE4/STDEV(Sheet1!AE$2:AE$2190) -> 0.09736064 | AF4: 18.42 | AG4: 148.75 | AH4: 139.17 | AI4: =Sheet1!AI4/STDEV(Sheet1!AI$2:AI$2190) -> -0.0082901751 | AJ4: =Sheet1!AJ4/STDEV(Sheet1!AJ$2:AJ$2190) -> -0.00091192838 | AK4: 173.16 | AL4: 81.52 | AM4: 19.41 | AN4: 0.0148 | AO4: =Sheet1!AO4/STDEV(Sheet1!AO$2:AO$2190) -> 24.956436 | AP4: =Sheet1!AP4/STDEV(Sheet1!AP$2:AP$2190) -> 17.911123 | AQ4: =Sheet1!AQ4/STDEV(Sheet1!AQ$2:AQ$2190) -> -0.90888477 | AR4: =Sheet1!AR4/STDEV(Sheet1!AR$2:AR$2190) -> 9.638986 | AS4: =Sheet1!AS4/STDEV(Sheet1!AS$2:AS$2190) -> 0.51142028 | AT4: =Sheet1!AT4/STDEV(Sheet1!AT$2:AT$2190) -> 0.080999893 | AU4: =Sheet1!AU4/STDEV(Sheet1!AU$2:AU$2190) -> 2.1612325 | AV4: =Sheet1!AV4/STDEV(Sheet1!AV$2:AV$2190) -> 1.5515086 | ... BA4: =Sheet1!BA4/STDEV(Sheet1!BA$2:BA$2190) -> 0.076218609
A5: IF.CFE | B5: 沪深300期货 | C5: 42013 | D5: -1.85 | E5: 1.12 | F5: 3.35 | G5: 1909.8 | H5: 2107.9 | I5: 1711.7 | J5: 72.2 | K5: 73.48 | L5: 75.36 | M5: 69.73 | N5: 92.6359 | O5: 94.7353 | P5: -4.1989 | Q5: =Sheet1!Q5/STDEV(Sheet1!Q$2:Q$2190) -> 6.0201867 | R5: =Sheet1!R5/STDEV(Sheet1!R$2:R$2190) -> 5.9873268 | S5: =Sheet1!S5/STDEV(Sheet1!S$2:S$2190) -> 5.8844726 | T5: =Sheet1!T5/STDEV(Sheet1!T$2:T$2190) -> 5.8387261 | U5: =Sheet1!U5/STDEV(Sheet1!U$2:U$2190) -> 5.8871415 | V5: =Sheet1!V5/STDEV(Sheet1!V$2:V$2190) -> -1.5775119 | W5: =Sheet1!W5/STDEV(Sheet1!W$2:W$2190) -> 3.4631132 | X5: =Sheet1!X5/STDEV(Sheet1!X$2:X$2190) -> 4.0369009 | ... AE5: =Sheet1!AE5/STDEV(Sheet1!AE$2:AE$2190) -> 0.09431812 | AF5: 36.08 | AG5: 140.41 | AH5: 134.17 | AI5: =Sheet1!AI5/STDEV(Sheet1!AI$2:AI$2190) -> -0.010681572 | AJ5: =Sheet1!AJ5/STDEV(Sheet1!AJ$2:AJ$2190) -> -0.0011831485 | AK5: 143.36 | AL5: 77.25 | AM5: 2.74 | AN5: 0.0137 | AO5: =Sheet1!AO5/STDEV(Sheet1!AO$2:AO$2190) -> 24.956436 | AP5: =Sheet1!AP5/STDEV(Sheet1!AP$2:AP$2190) -> 17.911123 | AQ5: =Sheet1!AQ5/STDEV(Sheet1!AQ$2:AQ$2190) -> -0.90888477 | AR5: =Sheet1!AR5/STDEV(Sheet1!AR$2:AR$2190) -> 9.4090128 | AS5: =Sheet1!AS5/STDEV(Sheet1!AS$2:AS$2190) -> -1.8168495 | AT5: =Sheet1!AT5/STDEV(Sheet1!AT$2:AT$2190) -> 0.096277031 | AU5: =Sheet1!AU5/STDEV(Sheet1!AU$2:AU$2190) -> 2.1110948 | AV5: =Sheet1!AV5/STDEV(Sheet1!AV$2:AV$2190) -> 1.5703501 | ... BA5: =Sheet1!BA5/STDEV(Sheet1!BA$2:BA$2190) -> 0.076218609
A6: IF.CFE | B6: 沪深300期货 | C6: 42016 | D6: -2.44 | E6: -0.61 | F6: 2.01 | G6: 1921.5 | H6: 2099.4 | I6: 1743.5 | J6: 54.56 | K6: 62.98 | L6: 71.23 | M6: 46.47 | N6: 86.0588 | O6: 93 | P6: -13.8824 | Q6: =Sheet1!Q6/STDEV(Sheet1!Q$2:Q$2190) -> 5.8456364 | R6: =Sheet1!R6/STDEV(Sheet1!R$2:R$2190) -> 6.0498101 | S6: =Sheet1!S6/STDEV(Sheet1!S$2:S$2190) -> 5.8149122 | T6: =Sheet1!T6/STDEV(Sheet1!T$2:T$2190) -> 5.7829943 | U6: =Sheet1!U6/STDEV(Sheet1!U$2:U$2190) -> 5.9002671 | V6: =Sheet1!V6/STDEV(Sheet1!V$2:V$2190) -> -1.0433937 | W6: =Sheet1!W6/STDEV(Sheet1!W$2:W$2190) -> 3.7963299 | X6: =Sheet1!X6/STDEV(Sheet1!X$2:X$2190) -> 4.41881 | ... AE6: =Sheet1!AE6/STDEV(Sheet1!AE$2:AE$2190) -> 0.093101112 | AF6: 46.85 | AG6: 151.68 | AH6: 127.86 | AI6: =Sheet1!AI6/STDEV(Sheet1!AI$2:AI$2190) -> -0.013391821 | AJ6: =Sheet1!AJ6/STDEV(Sheet1!AJ$2:AJ$2190) -> -0.0011438412 | AK6: 118.72 | AL6: 74.93 | AM6: -18.72 | AN6: 0.0162 | AO6: =Sheet1!AO6/STDEV(Sheet1!AO$2:AO$2190) -> 24.956436 | AP6: =Sheet1!AP6/STDEV(Sheet1!AP$2:AP$2190) -> 17.911123 | AQ6: =Sheet1!AQ6/STDEV(Sheet1!AQ$2:AQ$2190) -> -0.90888477 | AR6: =Sheet1!AR6/STDEV(Sheet1!AR$2:AR$2190) -> 9.386032 | AS6: =Sheet1!AS6/STDEV(Sheet1!AS$2:AS$2190) -> -0.18599164 | AT6: =Sheet1!AT6/STDEV(Sheet1!AT$2:AT$2190) -> 0.11868529 | AU6: =Sheet1!AU6/STDEV(Sheet1!AU$2:AU$2190) -> 2.1036593 | AV6: =Sheet1!AV6/STDEV(Sheet1!AV$2:AV$2190) -> 1.5819117 | ... BA6: =Sheet1!BA6/STDEV(Sheet1!BA$2:BA$2190) -> 0.076218609
A7: IF.CFE | B7: 沪深300期货 | C7: 42017 | D7: -1.45 | E7: -0.78 | F7: 1.89 | G7: 1932 | H7: 2092 | I7: 1772 | J7: 12.58 | K7: 53.79 | L7: 65.42 | M7: 30.54 | N7: 80.357 | O7: 90.4714 | P7: -20.2288 | Q7: =Sheet1!Q7/STDEV(Sheet1!Q$2:Q$2190) -> 5.8407241 | R7: =Sheet1!R7/STDEV(Sheet1!R$2:R$2190) -> 5.8171251 | S7: =Sheet1!S7/STDEV(Sheet1!S$2:S$2190) -> 5.7364084 | T7: =Sheet1!T7/STDEV(Sheet1!T$2:T$2190) -> 5.7987304 | U7: =Sheet1!U7/STDEV(Sheet1!U$2:U$2190) -> 5.7978877 | V7: =Sheet1!V7/STDEV(Sheet1!V$2:V$2190) -> -1.0123403 | W7: =Sheet1!W7/STDEV(Sheet1!W$2:W$2190) -> 2.7491421 | X7: =Sheet1!X7/STDEV(Sheet1!X$2:X$2190) -> 3.2723554 | ... AE7: =Sheet1!AE7/STDEV(Sheet1!AE$2:AE$2190) -> 0.091884104 | AF7: 55.71 | AG7: 88.3 | AH7: 119.27 | AI7: =Sheet1!AI7/STDEV(Sheet1!AI$2:AI$2190) -> -0.011478704 | AJ7: =Sheet1!AJ7/STDEV(Sheet1!AJ$2:AJ$2190) -> -0.001218525 | AK7: 143.22 | AL7: 71.02 | AM7: 24.02 | AN7: 0.0124 | AO7: =Sheet1!AO7/STDEV(Sheet1!AO$2:AO$2190) -> 24.956436 | AP7: =Sheet1!AP7/STDEV(Sheet1!AP$2:AP$2190) -> 17.911123 | AQ7: =Sheet1!AQ7/STDEV(Sheet1!AQ$2:AQ$2190) -> -0.90888477 | AR7: =Sheet1!AR7/STDEV(Sheet1!AR$2:AR$2190) -> 9.2257724 | AS7: =Sheet1!AS7/STDEV(Sheet1!AS$2:AS$2190) -> -1.3002151 | AT7: =Sheet1!AT7/STDEV(Sheet1!AT$2:AT$2190) -> 0.12167332 | AU7: =Sheet1!AU7/STDEV(Sheet1!AU$2:AU$2190) -> 2.0839989 | AV7: =Sheet1!AV7/STDEV(Sheet1!AV$2:AV$2190) -> 1.6154037 | ... BA7: =Sheet1!BA7/STDEV(Sheet1!BA$2:BA$2190) -> 0.076218609
A8: IF.CFE | B8: 沪深300期货 | C8: 42018 | D8: -0.97 | E8: -1.13 | F8: 1.29 | G8: 1938 | H8: 2094.5 | I8: 1781.4 | J8: 13.7 | K8: 44.87 | L8: 58.57 | M8: 17.47 | N8: 74.6141 | O8: 87.3 | P8: -25.3717 | Q8: =Sheet1!Q8/STDEV(Sheet1!Q$2:Q$2190) -> 5.7896362 | R8: =Sheet1!R8/STDEV(Sheet1!R$2:R$2190) -> 5.8070366 | S8: =Sheet1!S8/STDEV(Sheet1!S$2:S$2190) -> 5.7986815 | T8: =Sheet1!T8/STDEV(Sheet1!T$2:T$2190) -> 5.785617 | U8: =Sheet1!U8/STDEV(Sheet1!U$2:U$2190) -> 5.7709803 | V8: =Sheet1!V8/STDEV(Sheet1!V$2:V$2190) -> -0.074528123 | W8: =Sheet1!W8/STDEV(Sheet1!W$2:W$2190) -> 2.4025505 | X8: =Sheet1!X8/STDEV(Sheet1!X$2:X$2190) -> 2.8500543 | ... AE8: =Sheet1!AE8/STDEV(Sheet1!AE$2:AE$2190) -> 0.090667096 | AF8: 66.82 | AG8: 26.28 | AH8: 109.39 | AI8: =Sheet1!AI8/STDEV(Sheet1!AI$2:AI$2190) -> -0.013232395 | AJ8: =Sheet1!AJ8/STDEV(Sheet1!AJ$2:AJ$2190) -> -0.0011949406 | AK8: 122.97 | AL8: 66.29 | AM8: 15.56 | AN8: 0.0087 | AO8: =Sheet1!AO8/STDEV(Sheet1!AO$2:AO$2190) -> 24.956436 | AP8: =Sheet1!AP8/STDEV(Sheet1!AP$2:AP$2190) -> 17.911123 | AQ8: =Sheet1!AQ8/STDEV(Sheet1!AQ$2:AQ$2190) -> -0.90888477 | AR8: =Sheet1!AR8/STDEV(Sheet1!AR$2:AR$2190) -> 9.2428709 | AS8: =Sheet1!AS8/STDEV(Sheet1!AS$2:AS$2190) -> 0.14113211 | AT8: =Sheet1!AT8/STDEV(Sheet1!AT$2:AT$2190) -> 0.073472072 | AU8: =Sheet1!AU8/STDEV(Sheet1!AU$2:AU$2190) -> 2.0844877 | AV8: =Sheet1!AV8/STDEV(Sheet1!AV$2:AV$2190) -> 0.16414315 | ... BA8: =Sheet1!BA8/STDEV(Sheet1!BA$2:BA$2190) -> 0.076218609
A9: IF.CFE | B9: 沪深300期货 | C9: 42019 | D9: -0.79 | E9: -1.92 | F9: 0.27 | G9: 1943.7 | H9: 2094.2 | I9: 1793.1 | J9: -8.56 | K9: 34.35 | L9: 50.5 | M9: 2.05 | N9: 68.1219 | O9: 83.4643 | P9: -30.6849 | Q9: =Sheet1!Q9/STDEV(Sheet1!Q$2:Q$2190) -> 5.7899636 | R9: =Sheet1!R9/STDEV(Sheet1!R$2:R$2190) -> 5.7982499 | S9: =Sheet1!S9/STDEV(Sheet1!S$2:S$2190) -> 5.749658 | T9: =Sheet1!T9/STDEV(Sheet1!T$2:T$2190) -> 5.7439821 | U9: =Sheet1!U9/STDEV(Sheet1!U$2:U$2190) -> 5.7388227 | V9: =Sheet1!V9/STDEV(Sheet1!V$2:V$2190) -> -0.23600572 | W9: =Sheet1!W9/STDEV(Sheet1!W$2:W$2190) -> 2.2265352 | X9: =Sheet1!X9/STDEV(Sheet1!X$2:X$2190) -> 2.6482641 | ... AE9: =Sheet1!AE9/STDEV(Sheet1!AE$2:AE$2190) -> 0.090667096 | AF9: 80.72 | AG9: 16.69 | AH9: 97.74 | AI9: =Sheet1!AI9/STDEV(Sheet1!AI$2:AI$2190) -> -0.014826659 | AJ9: =Sheet1!AJ9/STDEV(Sheet1!AJ$2:AJ$2190) -> -0.0011910099 | AK9: 135.22 | AL9: 61.8 | AM9: 1.78 | AN9: 0.0091 | AO9: =Sheet1!AO9/STDEV(Sheet1!AO$2:AO$2190) -> 24.956436 | AP9: =Sheet1!AP9/STDEV(Sheet1!AP$2:AP$2190) -> 17.911123 | AQ9: =Sheet1!AQ9/STDEV(Sheet1!AQ$2:AQ$2190) -> -0.90888477 | AR9: =Sheet1!AR9/STDEV(Sheet1!AR$2:AR$2190) -> 9.2061199 | AS9: =Sheet1!AS9/STDEV(Sheet1!AS$2:AS$2190) -> -0.30278527 | AT9: =Sheet1!AT9/STDEV(Sheet1!AT$2:AT$2190) -> 0.081544548 | AU9: =Sheet1!AU9/STDEV(Sheet1!AU$2:AU$2190) -> 0.20903181 | AV9: =Sheet1!AV9/STDEV(Sheet1!AV$2:AV$2190) -> 1.6180273 | ... BA9: =Sheet1!BA9/STDEV(Sheet1!BA$2:BA$2190) -> 0.076218609
A10: IF.CFE | B10: 沪深300期货 | C10: 42020 | D10: 2.3 | E10: 1.1 | F10: 3.42 | G10: 1948.8 | H10: 2103.8 | I10: 1793.8 | J10: 31.51 | K10: 40.73 | L10: 47.24 | M10: 27.71 | N10: 67.7775 | O10: 80.327 | P10: -25.099 | Q10: =Sheet1!Q10/STDEV(Sheet1!Q$2:Q$2190) -> 5.8105953 | R10: =Sheet1!R10/STDEV(Sheet1!R$2:R$2190) -> 5.9983916 | S10: =Sheet1!S10/STDEV(Sheet1!S$2:S$2190) -> 5.853336 | T10: =Sheet1!T10/STDEV(Sheet1!T$2:T$2190) -> 6.0380493 | U10: =Sheet1!U10/STDEV(Sheet1!U$2:U$2190) -> 5.9888646 | V10: =Sheet1!V10/STDEV(Sheet1!V$2:V$2190) -> 3.2978694 | W10: =Sheet1!W10/STDEV(Sheet1!W$2:W$2190) -> 1.7909719 | X10: =Sheet1!X10/STDEV(Sheet1!X$2:X$2190) -> 2.0865483 | ... AE10: =Sheet1!AE10/STDEV(Sheet1!AE$2:AE$2190) -> 0.088841584 | AF10: 46.5 | AG10: 81.36 | AH10: 90.7 | AI10: =Sheet1!AI10/STDEV(Sheet1!AI$2:AI$2190) -> -0.013551248 | AJ10: =Sheet1!AJ10/STDEV(Sheet1!AJ$2:AJ$2190) -> -0.0012774859 | AK10: 126.54 | AL10: 62.09 | AM10: 79.48 | AN10: 0.011 | AO10: =Sheet1!AO10/STDEV(Sheet1!AO$2:AO$2190) -> 24.956436 | AP10: =Sheet1!AP10/STDEV(Sheet1!AP$2:AP$2190) -> 17.911123 | AQ10: =Sheet1!AQ10/STDEV(Sheet1!AQ$2:AQ$2190) -> -0.90888477 | AR10: =Sheet1!AR10/STDEV(Sheet1!AR$2:AR$2190) -> 9.5318558 | AS10: =Sheet1!AS10/STDEV(Sheet1!AS$2:AS$2190) -> 2.6944001 | AT10: =Sheet1!AT10/STDEV(Sheet1!AT$2:AT$2190) -> 0.10550738 | AU10: =Sheet1!AU10/STDEV(Sheet1!AU$2:AU$2190) -> 0.21597022 | AV10: =Sheet1!AV10/STDEV(Sheet1!AV$2:AV$2190) -> 1.6156186 | ... BA10: =Sheet1!BA10/STDEV(Sheet1!BA$2:BA$2190) -> 0.076218609
A11: IF.CFE | B11: 沪深300期货 | C11: 42023 | D11: 1.37 | E11: 0.6 | F11: 2.77 | G11: 1957.7 | H11: 2104.7 | I11: 1810.8 | J11: 65.96 | K11: 46.43 | L11: 46.97 | M11: 45.36 | N11: 66.0089 | O11: 77.4634 | P11: -22.9089 | Q11: =Sheet1!Q11/STDEV(Sheet1!Q$2:Q$2190) -> 6.0368886 | R11: =Sheet1!R11/STDEV(Sheet1!R$2:R$2190) -> 6.0433014 | S11: =Sheet1!S11/STDEV(Sheet1!S$2:S$2190) -> 6.0646669 | T11: =Sheet1!T11/STDEV(Sheet1!T$2:T$2190) -> 6.0111669 | U11: =Sheet1!U11/STDEV(Sheet1!U$2:U$2190) -> 6.0453045 | V11: =Sheet1!V11/STDEV(Sheet1!V$2:V$2190) -> 0.29190181 | W11: =Sheet1!W11/STDEV(Sheet1!W$2:W$2190) -> 2.6953599 | X11: =Sheet1!X11/STDEV(Sheet1!X$2:X$2190) -> 3.0659508 | ... AE11: =Sheet1!AE11/STDEV(Sheet1!AE$2:AE$2190) -> 0.088841584 | AF11: 51.79 | AG11: 9.89 | AH11: 79.1 | AI11: =Sheet1!AI11/STDEV(Sheet1!AI$2:AI$2190) -> -0.015464365 | AJ11: =Sheet1!AJ11/STDEV(Sheet1!AJ$2:AJ$2190) -> -0.001132049 | AK11: 130.93 | AL11: 63.32 | AM11: 32.05 | AN11: 0.0131 | AO11: =Sheet1!AO11/STDEV(Sheet1!AO$2:AO$2190) -> 24.956436 | AP11: =Sheet1!AP11/STDEV(Sheet1!AP$2:AP$2190) -> 17.911123 | AQ11: =Sheet1!AQ11/STDEV(Sheet1!AQ$2:AQ$2190) -> -0.90888477 | AR11: =Sheet1!AR11/STDEV(Sheet1!AR$2:AR$2190) -> 9.6462454 | AS11: =Sheet1!AS11/STDEV(Sheet1!AS$2:AS$2190) -> 0.91386454 | AT11: =Sheet1!AT11/STDEV(Sheet1!AT$2:AT$2190) -> 0.10446501 | AU11: =Sheet1!AU11/STDEV(Sheet1!AU$2:AU$2190) -> 2.1561055 | AV11: =Sheet1!AV11/STDEV(Sheet1!AV$2:AV$2190) -> 1.669821 | ... BA11: =Sheet1!BA11/STDEV(Sheet1!BA$2:BA$2190) -> 0.08257016
A12: IF.CFE | B12: 沪深300期货 | C12: 42024 | D12: -6.9 | E12: -7.98 | F12: -6.77 | G12: 1957.2 | H12: 2105.8 | I12: 1808.7 | J12: -225.02 | K12: 30.96 | L12: 41.63 | M12: 9.6 | N12: 48.3256 | O12: 71.6358 | P12: -46.6205 | Q12: =Sheet1!Q12/STDEV(Sheet1!Q$2:Q$2190) -> 5.7634372 | R12: =Sheet1!R12/STDEV(Sheet1!R$2:R$2190) -> 5.7273054 | S12: =Sheet1!S12/STDEV(Sheet1!S$2:S$2190) -> 5.4922848 | T12: =Sheet1!T12/STDEV(Sheet1!T$2:T$2190) -> 5.435818 | U12: =Sheet1!U12/STDEV(Sheet1!U$2:U$2190) -> 5.4500604 | V12: =Sheet1!V12/STDEV(Sheet1!V$2:V$2190) -> -6.2106769 | W12: =Sheet1!W12/STDEV(Sheet1!W$2:W$2190) -> 2.2438539 | X12: =Sheet1!X12/STDEV(Sheet1!X$2:X$2190) -> 2.742649 | ... AE12: =Sheet1!AE12/STDEV(Sheet1!AE$2:AE$2190) -> 0.087624576 | AF12: 100 | AG12: -229.08 | AH12: 60.99 | AI12: =Sheet1!AI12/STDEV(Sheet1!AI$2:AI$2190) -> -0.017536909 | AJ12: =Sheet1!AJ12/STDEV(Sheet1!AJ$2:AJ$2190) -> -0.0012814166 | AK12: 113.09 | AL12: 70.64 | AM12: -38.96 | AN12: 0.0152 | AO12: =Sheet1!AO12/STDEV(Sheet1!AO$2:AO$2190) -> 24.956436 | AP12: =Sheet1!AP12/STDEV(Sheet1!AP$2:AP$2190) -> 17.911123 | AQ12: =Sheet1!AQ12/STDEV(Sheet1!AQ$2:AQ$2190) -> -0.90888477 | AR12: =Sheet1!AR12/STDEV(Sheet1!AR$2:AR$2190) -> 8.9030448 | AS12: =Sheet1!AS12/STDEV(Sheet1!AS$2:AS$2190) -> -5.8670637 | AT12: =Sheet1!AT12/STDEV(Sheet1!AT$2:AT$2190) -> 0.12072634 | AU12: =Sheet1!AU12/STDEV(Sheet1!AU$2:AU$2190) -> 1.9900351 | AV12: =Sheet1!AV12/STDEV(Sheet1!AV$2:AV$2190) -> 0.16667096 | ... BA12: =Sheet1!BA12/STDEV(Sheet1!BA$2:BA$2190) -> 0.08257016
A13: IF.CFE | B13: 沪深300期货 | C13: 42025 | D13: -3.68 | E13: -4.97 | F13: -4.35 | G13: 1958.8 | H13: 2103 | I13: 1814.7 | J13: -181.03 | K13: 27.25 | L13: 36.84 | M13: 8.06 | N13: 37.3837 | O13: 64.7854 | P13: -54.8033 | Q13: =Sheet1!Q13/STDEV(Sheet1!Q$2:Q$2190) -> 5.4084417 | R13: =Sheet1!R13/STDEV(Sheet1!R$2:R$2190) -> 5.6117765 | S13: =Sheet1!S13/STDEV(Sheet1!S$2:S$2190) -> 5.4654544 | T13: =Sheet1!T13/STDEV(Sheet1!T$2:T$2190) -> 5.5640011 | U13: =Sheet1!U13/STDEV(Sheet1!U$2:U$2190) -> 5.5855818 | V13: =Sheet1!V13/STDEV(Sheet1!V$2:V$2190) -> 1.3601382 | W13: =Sheet1!W13/STDEV(Sheet1!W$2:W$2190) -> 3.616583 | X13: =Sheet1!X13/STDEV(Sheet1!X$2:X$2190) -> 4.4727409 | ... AE13: =Sheet1!AE13/STDEV(Sheet1!AE$2:AE$2190) -> 0.08823308 | AF13: 80.17 | AG13: -177.43 | AH13: 44.75 | AI13: =Sheet1!AI13/STDEV(Sheet1!AI$2:AI$2190) -> -0.01434838 | AJ13: =Sheet1!AJ13/STDEV(Sheet1!AJ$2:AJ$2190) -> -0.0011988714 | AK13: 117.18 | AL13: 73.47 | AM13: -1.82 | AN13: 0.0138 | AO13: =Sheet1!AO13/STDEV(Sheet1!AO$2:AO$2190) -> 24.956436 | AP13: =Sheet1!AP13/STDEV(Sheet1!AP$2:AP$2190) -> 17.911123 | AQ13: =Sheet1!AQ13/STDEV(Sheet1!AQ$2:AQ$2190) -> -0.90888477 | AR13: =Sheet1!AR13/STDEV(Sheet1!AR$2:AR$2190) -> 9.0650329 | AS13: =Sheet1!AS13/STDEV(Sheet1!AS$2:AS$2190) -> 1.385535 | AT13: =Sheet1!AT13/STDEV(Sheet1!AT$2:AT$2190) -> 0.16712641 | AU13: =Sheet1!AU13/STDEV(Sheet1!AU$2:AU$2190) -> 2.014393 | AV13: =Sheet1!AV13/STDEV(Sheet1!AV$2:AV$2190) -> 0.018181546 | ... BA13: =Sheet1!BA13/STDEV(Sheet1!BA$2:BA$2190) -> 0.076218609
... A2189: IF.CFE | B2189: 沪深300期货 | C2189: 45289 | D2189: 2.08 | E2189: 2.5 | F2189: 1.73 | G2189: 3175.4 | H2189: 3313.7 | I2189: 3037.1 | J2189: 135.17 | K2189: 60.17 | L2189: 44.11 | M2189: 92.29 | N2189: -37.1048 | O2189: -47.7523 | P2189: 21.2952 | Q2189: =Sheet1!Q2189/STDEV(Sheet1!Q$2:Q$2190) -> 5.4673893 | R2189: =Sheet1!R2189/STDEV(Sheet1!R$2:R$2190) -> 5.5997355 | S2189: =Sheet1!S2189/STDEV(Sheet1!S$2:S$2190) -> 5.5283899 | T2189: =Sheet1!T2189/STDEV(Sheet1!T$2:T$2190) -> 5.6259618 | U2189: =Sheet1!U2189/STDEV(Sheet1!U$2:U$2190) -> 5.6292243 | V2189: =Sheet1!V2189/STDEV(Sheet1!V$2:V$2190) -> 1.6396187 | W2189: =Sheet1!W2189/STDEV(Sheet1!W$2:W$2190) -> 0.18419076 | X2189: =Sheet1!X2189/STDEV(Sheet1!X$2:X$2190) -> 0.22701337 | ... AE2189: =Sheet1!AE2189/STDEV(Sheet1!AE$2:AE$2190) -> 0.0041986776 | AF2189: 6.13 | AG2189: 80.71 | AH2189: -88.06 | AI2189: =Sheet1!AI2189/STDEV(Sheet1!AI$2:AI$2190) -> -0.0089278808 | AJ2189: =Sheet1!AJ2189/STDEV(Sheet1!AJ$2:AJ$2190) -> -0.0022680288 | AK2189: 103.71 | AL2189: 41.23 | AM2189: 17.66 | AN2189: 0.0048 | AO2189: =Sheet1!AO2189/STDEV(Sheet1!AO$2:AO$2190) -> 22.526467 | AP2189: =Sheet1!AP2189/STDEV(Sheet1!AP$2:AP$2190) -> 19.919675 | AQ2189: =Sheet1!AQ2189/STDEV(Sheet1!AQ$2:AQ$2190) -> -0.63451145 | AR2189: =Sheet1!AR2189/STDEV(Sheet1!AR$2:AR$2190) -> 8.4412371 | AS2189: =Sheet1!AS2189/STDEV(Sheet1!AS$2:AS$2190) -> 1.0474296 | AT2189: =Sheet1!AT2189/STDEV(Sheet1!AT$2:AT$2190) -> 0.27297491 | AU2189: =Sheet1!AU2189/STDEV(Sheet1!AU$2:AU$2190) -> 2.0252597 | AV2189: =Sheet1!AV2189/STDEV(Sheet1!AV$2:AV$2190) -> 1.9141918 | ... BA2189: =Sheet1!BA2189/STDEV(Sheet1!BA$2:BA$2190) -> 3.3853766
D2190: 1.74 | E2190: 2.42 | F2190: 2 | G2190: 3170.9 | H2190: 3296.4 | I2190: 3045.4 | J2190: 187.84 | K2190: 71.34 | L2190: 53.18 | M2190: 107.64 | N2190: -29.0907 | O2190: -44.02 | P2190: 29.8587 | Q2190: =Sheet1!Q2190/STDEV(Sheet1!Q$2:Q$2190) -> 5.6163957 | R2190: =Sheet1!R2190/STDEV(Sheet1!R$2:R$2190) -> 5.6127528 | S2190: =Sheet1!S2190/STDEV(Sheet1!S$2:S$2190) -> 5.669498 | T2190: =Sheet1!T2190/STDEV(Sheet1!T$2:T$2190) -> 5.6377638 | U2190: =Sheet1!U2190/STDEV(Sheet1!U$2:U$2190) -> 5.6436624 | V2190: =Sheet1!V2190/STDEV(Sheet1!V$2:V$2190) -> 0.14905625 | W2190: =Sheet1!W2190/STDEV(Sheet1!W$2:W$2190) -> 0.13491787 | X2190: =Sheet1!X2190/STDEV(Sheet1!X$2:X$2190) -> 0.16459391 | ... AE2190: =Sheet1!AE2190/STDEV(Sheet1!AE$2:AE$2190) -> 0.0041378272 | AF2190: 6.33 | AG2190: 90.21 | AH2190: -79.5 | AI2190: =Sheet1!AI2190/STDEV(Sheet1!AI$2:AI$2190) -> -0.0089278808 | AJ2190: =Sheet1!AJ2190/STDEV(Sheet1!AJ$2:AJ$2190) -> -0.0021972757 | AK2190: 121.72 | AL2190: 37.52 | AM2190: 8.29 | AN2190: 0.0037 | AO2190: =Sheet1!AO2190/STDEV(Sheet1!AO$2:AO$2190) -> 22.526467 | AP2190: =Sheet1!AP2190/STDEV(Sheet1!AP$2:AP$2190) -> 19.919675 | AQ2190: =Sheet1!AQ2190/STDEV(Sheet1!AQ$2:AQ$2190) -> -0.63451145 | AR2190: =Sheet1!AR2190/STDEV(Sheet1!AR$2:AR$2190) -> 8.4990355 | AS2190: =Sheet1!AS2190/STDEV(Sheet1!AS$2:AS$2190) -> 0.52141428 | AT2190: =Sheet1!AT2190/STDEV(Sheet1!AT$2:AT$2190) -> 2.1286893 | AU2190: =Sheet1!AU2190/STDEV(Sheet1!AU$2:AU$2190) -> 2.0351389 | AV2190: =Sheet1!AV2190/STDEV(Sheet1!AV$2:AV$2190) -> 1.926281 | ... BA2190: =Sheet1!BA2190/STDEV(Sheet1!BA$2:BA$2190) -> 3.3853766
